Modelo,Accuracy,AUC-ROC,Precision,Recall,Specificity,F1-Score,MCC,Cohen Kappa
LightGBM,0.642,0.702927950873622,0.6389393633488122,0.6385096509516444,0.6454299121009848,0.638724434876211,0.2839412794560176,0.2839412163475873
XGBoost,0.64,0.7011205463542044,0.636333176975139,0.6386441589884996,0.6413323640208842,0.6374865735767992,0.2799695345239978,0.27996772015285853
Random Forest,0.6298666666666667,0.6864918883879849,0.623289016962473,0.6400564933754792,0.6198532813429384,0.6315614838409981,0.25994166528442936,0.259849254098377
Logistic Regression,0.6068,0.6457337841665337,0.6045166995442487,0.5976864617660905,0.6157557332628378,0.6010821778829896,0.21347647048394788,0.21346307615657767
SVM (Linear),0.6060666666666666,0.64522819893832,0.6038390851541761,0.5966103974712489,0.6153591963518604,0.6002029769959405,0.21200649840289387,0.21199156536255248
